altitude_m,airspeed_mps,vertical_speed,pitch_rad,roll_rad,engine_rpm,thrust_n,fuel_flow_kgps,g_load,thrust_speed_ratio,climb_thrust_ratio,seq_delta,fuel_per_thrust,label
37.454011884736246,3.142918568673425,64.20316461542878,5.16817211686077,10.31238688359326,69.81617140197451,16.893506307216455,53.258943255158584,70.72386343133986,20.78862551460273,18.513292883861965,5.784267656339637,75.82631959290225,0
95.07143064099162,63.64104112637804,8.413996499504883,53.1354631568148,90.25529066795667,53.60963663441204,27.85903390319586,5.182353682242691,15.253904291426135,2.6532203873819715,54.190094737835814,96.91026301408114,2.458691645880151,4
73.1993941811405,31.435598107632668,16.162871409461378,54.06351216101065,50.525237244785714,30.952761628632775,17.70104842767468,33.660427819392055,57.62883601668132,18.143543508979732,87.29458358764083,88.37858849634257,2.2123551528997254,0
59.86584841970366,50.85706911647028,89.85541885270793,63.742990149820656,82.64574661077417,81.37950197069486,8.87025337570556,13.441467693897424,60.67150463828559,58.304156096969216,73.22248864095612,92.77522831952129,32.36102191495412,0
15.601864044243651,90.7566473926093,60.642905965958995,72.60913337226616,32.00496010306117,68.47311725538793,12.06358711006008,6.337497047276774,42.4130671302386,42.1424550592498,80.65611478614497,99.49078226464353,48.864319040466576,2
15.599452033620265,24.929222914887493,0.9197051616629648,97.58520794625346,89.55232284962005,16.26169393448913,46.077876803272574,98.99602323899452,73.64442356247228,89.26717110769748,65.87833667107174,17.38952492194873,77.04074178077931,3
5.8083612168199465,41.038292303562976,10.147154286603211,51.630034830119534,38.92016787341631,91.09271844938425,20.63337184057925,32.235384497472296,93.43670147690149,81.7443561738441,69.22765645178525,39.62420189026587,68.32953766065052,2
86.61761457749351,75.55511385430486,66.35017691080559,32.2956472941246,1.083765148029836,82.2537242923169,36.42698610480755,80.98744458546349,92.55685129067763,34.1817351697876,84.91956515653193,75.82384757040913,44.590270637674834,3
60.11150117432088,22.879816549162246,0.5061583846218687,79.51861947687037,90.53819764192636,94.9799913291924,50.34172708548569,25.464065476376383,45.08393714041321,25.94234334312925,24.966800885918595,69.60206180537922,27.362666628166586,0
70.80725777960456,7.697990982879299,16.080805141749867,27.083225126207424,9.128667678613356,72.571950838836,69.03948286293652,68.15027222239293,11.323804584075525,37.96924081672669,48.942496364314046,15.389590633985506,99.71245001577111,3
2.0584494295802447,28.9751452913768,54.87337893665861,43.89714207056361,31.93136375904149,61.34151959357899,3.9312139841098936,76.02278598896865,98.48411989623345,59.02949425148078,22.120944181960223,81.58331249906178,42.6181302235973,0
96.99098521619943,16.122128725400444,69.18951976926932,7.845638134226595,95.0061967050805,41.82430362906189,79.94103989090426,59.56387406078443,83.88980864459342,26.806364082287626,98.7668007996647,22.444057183666068,45.13870243296755,3
83.24426408004217,92.96976523425731,65.19612595026005,2.535074341545751,95.06071469375561,93.27284833540132,62.79003894909078,47.15761885501584,12.466268120326685,62.4148907849134,94.40593396866133,22.38176148226231,16.362382119166917,0
21.233911067827616,80.8120379564417,22.42693094605598,96.26484146779251,57.34378881232861,86.60638895004084,8.17590319488719,41.18409141472685,92.08418826173724,40.941165219124045,3.94268113685059,53.69744228934136,79.48095487499293,3
18.182496720710063,63.34037565104234,71.2179221347536,83.59801205122058,63.183721216979926,4.521867010618941,87.35786241067773,34.88682665429953,86.98963620621282,55.204718085198024,70.55751725156884,59.293993484170315,69.36822257814886,0
18.34045098534338,87.14605901877177,23.724908749680008,69.59742060936979,44.84455219783198,2.6366974497252005,92.08724005318132,92.95291442478259,51.88380571260721,43.61265291353167,92.52483174156659,58.00862078378112,22.07696127887604,1
30.42422429595377,80.36720768991145,32.539969815926774,40.89529444142699,29.321077169806454,37.64633668780496,6.107795985486375,83.06194077877291,59.127543574492925,29.44657595419177,18.057534512733355,9.148683739775487,8.238104561584269,0
52.475643163223786,18.657005888603585,74.64914051180241,17.329432007084577,32.8664545369916,81.0553330781833,27.687764814720374,96.50269106665125,39.90027038701302,94.84533069621567,56.79452305526295,87.74608626303804,68.0499302074713,2
43.194501864211574,89.25589984899777,64.96328990472146,15.643704267108605,67.25184560770384,98.72761293149445,80.62012797930613,12.429722348554472,5.476163882203133,76.36057941597608,91.54882975880419,26.560004258870606,65.45112142811352,0
29.122914019804192,53.93422419156507,84.9223410494178,25.024289816459532,75.237452943768,15.041689110352818,74.82596903836584,73.08674752036443,33.519724164590095,14.011317576645254,3.394597858579884,12.951492128280417,27.32595269982093,0
61.18528947223795,80.74401551640625,65.76128923003434,54.92266647061205,79.15790437258485,59.41307153521351,18.45210193563773,93.83404568210378,80.28534485980114,86.84679758979128,69.742026724684,88.87480798689772,95.08635622504103,0
13.949386065204184,89.60912999234932,56.830860333547164,71.45959227000624,78.96181427945538,38.08908566310215,20.93493233367103,18.123306616566015,0.4632023004602859,48.743119824951364,29.734900737255078,95.56514982297534,15.105789178090024,0
29.214464853521815,31.800347497186387,9.367476782809248,66.01973767177313,9.120610304869036,96.99143978146031,37.0472102791382,6.6496267366777495,33.34991716911442,89.45522268940914,92.43961953765304,86.21276172654507,43.23348010426019,3
36.63618432936917,11.005192452767677,36.77158030594335,27.993389694594285,49.442030470258146,84.21189231357087,48.45229851910213,74.11206492900591,39.81686935909433,79.98552559473153,97.10582451653677,80.95160747248781,94.36159201675989,0
45.606998421703594,22.793516254194166,26.520236768172545,95.48652806631941,5.755876001664428,83.83287047111378,61.825477153029595,57.44731131799119,53.73956029379229,42.52135044692334,94.42664891134339,65.52419806390218,41.97273169261223,4
78.51759613930136,42.71077886262563,24.398964337908357,73.78969166957685,54.95288823237355,46.86931597949703,36.891363956977244,84.1828776758272,91.98556164127605,2.24693083201174,47.42142166574638,55.08573706091393,63.85259476640856,0
19.967378215835975,81.80147659224932,97.30105547524455,55.43540525114007,44.1530501373377,41.48195023376652,46.25347161331479,13.97723766262895,34.634599436596126,26.867735938494608,86.20426509893134,8.698675991141014,39.75943979627943,0
51.42344384136116,86.07305832563435,39.30977246667604,61.17207462343522,88.77041827582998,27.340707193070624,74.74709381337566,79.52673118598902,34.69532018962277,54.16342146608669,84.45493985350704,40.845321307069874,27.421520234867003,2
59.24145688620425,0.6952130531190703,89.20465551771133,41.96000624277899,35.09150125520787,5.6375496650927115,3.66832028905979,20.162732004774455,73.75012481097484,63.347821982614725,31.910047324325564,37.2688517012314,98.39776479598282,1
4.645041271999773,51.07473025775657,63.11386259972629,24.773098950115745,11.706701642760587,86.47223762550531,25.243694434402077,16.36559428657045,45.221794088980715,25.788768543320227,82.89154741506773,25.97537837603262,40.9334006315043,0
60.75448519014384,41.7411003148779,79.48113035416485,35.597267865126156,14.299168205283586,81.29010091300776,71.33495858845524,16.426579793099293,22.460482293998197,13.935607407282413,3.700763471549262,72.3420113688585,89.40992036791344,0
17.052412368729154,22.210781047073024,50.26370931051921,75.78461104643691,76.15106317174723,99.97176732861305,89.52068376871993,81.45747202313821,45.24395161326934,83.4930236799299,59.6269878482053,49.58757350787708,22.995460589108617,2
6.505159298527952,11.98653673336828,57.69038846263591,1.4393488629755868,61.82180633162611,99.66368370739053,51.167744211566614,66.51972206962002,14.085702037979985,98.44021807035521,23.000883728770305,8.104621590764793,21.31047040250833,0
94.88855372533332,33.7615171403628,49.25176938188639,11.607264050691624,10.112267612279025,55.543170560262745,53.211348526531566,52.30654247691193,17.63869865062233,52.56901823026858,12.056688577727881,22.018320194981133,3.113408288451136,4
96.56320330745594,94.29097039125192,19.52429877980445,4.600264202175275,8.410680611499743,76.89874151805105,10.717201133977605,35.88304841235025,49.83677727394797,17.16792858483035,7.695320162920916,68.32587636595959,65.1666825375885,4
80.83973481164611,32.320293202075526,72.24521152615053,4.072880231897013,70.096913145912,94.47657298824281,44.741236682345466,87.72005408131082,41.89254495045479,27.230732651936897,69.62887758781397,7.613085949030019,36.852634372376116,1
30.46137691733707,51.87906217433661,28.07723624408558,85.54605840110072,7.276300636419353,84.96473906774115,53.261726645502314,39.244510742263536,91.48459010681,1.8390676547466733,33.98749637680661,85.12069140487687,86.4358249839637,0
9.767211400638388,70.30189588951778,2.431596643145384,70.36578593800236,82.18600592903562,24.734810174319765,24.247050363472965,81.65994394715771,36.23938991166331,91.4298806560499,72.47667715287615,49.51465270139743,47.32099066915572,1
68.42330265121569,36.3629602379294,64.54722959071678,47.41738290873252,70.62422271564962,45.05441353100935,26.924323094938096,43.91349085702184,58.05883502780434,11.775108289014113,6.535634079894237,48.0586577326648,96.81934279147217,0
44.01524937396013,97.17820827209607,17.711067940704893,9.783416065100148,8.134878064189976,12.915941515149498,37.728416310462265,37.69444294249076,63.22642879195304,57.651647551425356,31.529033783061035,59.24077846595176,18.552551570312115,0
12.203823484477883,96.24472949421113,94.04585843529144,49.16158751168324,8.483771408519193,95.40510272587224,2.007119777772637,46.26797856696064,1.3094456588333636,27.4055220687206,53.949129237533725,82.46809659251491,86.86231679556109,0
49.51769101112702,25.178229582536417,95.39285770025873,47.34717707805657,98.66395785011754,60.617463445088006,32.20791655831783,30.13778741641421,66.35373720167107,55.417800251579344,79.07231648389636,34.780920790219305,77.65968527917417,0
3.4388521115218396,49.72485058923854,91.48643902204485,17.320186991001517,37.427079575612034,22.864280550346272,21.144800699654464,74.76093801762511,17.803596686975144,65.14203883518643,31.875250293206992,67.80161525590636,77.0921844644052,3
90.9320402078782,30.087830981676966,37.01587002554444,43.385164923797305,37.06421470668909,67.17006844058567,32.74973521779147,50.27203900924791,96.10703174694551,82.97418037072016,62.58913764370091,56.5731963995791,84.47832281168877,2
25.87799816000169,28.484049437746762,1.5456616528867428,39.85047343973734,81.27995672575025,61.81282404578958,11.976213181925122,23.22126951468173,14.866272775311295,20.64212717606032,88.5977748236187,26.70282701694213,76.10239909429988,2
66.2522284353982,3.6886947354532795,92.83185625877253,61.585009805221645,94.72485773838586,35.81627180328405,89.0527280739895,89.95745732745685,41.462412372702374,1.0995828658480478,61.58631881823046,87.8629986355158,62.62203216314154,0
31.171107608941096,60.956433397989684,42.81841483173143,63.50936508676438,98.6001063822871,11.355759219962902,59.359245355404866,38.38912213732114,8.534966807864386,13.688563006880727,23.295947475363377,79.74260216069281,13.124487768238758,0
52.00680211778108,50.26790232288615,96.66548190436696,4.530400977204452,75.33781852589416,67.15731955927996,67.91023191444896,54.35528611139886,99.68742518459473,90.00186418481051,2.440078155653802,65.84518346584255,3.2526179491251916,0
54.67102793432797,5.147875124998935,96.36199770892529,37.46126146264712,37.62595855309158,52.03077009037933,78.91712386073382,90.6472110964547,50.21950103312426,87.38900775625153,87.00988739009298,85.05817290942419,92.08478478156869,4
18.485445552552704,27.864646423661142,85.300945546736,62.58599157142364,8.350071669866876,77.23183917356393,49.84421989290573,62.42379959139921,59.53850173200438,59.74131021703083,2.126941085038714,86.72942009598023,61.665031452073805,0
96.95846277645586,90.82658859666537,29.444889206958567,50.31362585800877,77.71469159274368,52.01635011119934,8.69202880874237,11.689804070836407,6.7076477388427485,60.051686043365336,87.47016726841994,70.83629767150347,79.65372909761763,3
77.51328233611146,23.95618906669724,38.50977286019253,85.64898411883223,55.840424973580504,85.21815003185401,53.71065418185478,93.98321236134751,74.99604703991778,66.50366745462554,52.8937134027212,83.7013328363672,48.152235151255006,0
93.9498941564189,14.48948720912231,85.11366715168569,65.8693631618945,42.42220092469763,55.190683877448556,58.68411180208791,62.770805307141785,20.990559309558577,17.53712786234496,93.90676985128962,69.74714616692836,11.730818896239448,0
89.48273504276489,48.9452760277563,31.692200515627768,16.29344270814297,90.6354385094736,56.093797153538624,74.54394741843299,33.49056146570861,89.80542894407138,91.44119459249598,79.87832357736654,68.01407717603004,12.518579220255043,2
59.78999788110851,98.56504541106007,16.94927466860925,7.056874740042984,11.119748230615134,87.66536026583451,43.16595462296794,13.927207266338726,20.513964048200716,41.87705248920731,99.79341105333374,61.86113782151843,68.55652872289714,0
92.18742350231169,24.20552715115004,55.68012624583501,64.24192782063156,49.262510429085914,40.3482866212397,12.758030279556376,79.4025189270296,19.068772066366655,38.31385282494975,35.071181545171015,75.27166395576413,43.030589489946266,3
8.84925020519195,67.21355474058785,93.6154774160781,2.6511310541621813,1.1353644767419069,13.401522845064074,28.377590579872447,62.00727559285135,3.654966784809488,51.89177052828376,76.71882889311269,15.86051052930737,20.052472670033673,4
19.59828624191452,76.16196153287176,69.6029796674973,58.57755812734633,46.86606419941263,2.8782676313338973,36.30822963986351,53.34610919763215,47.206694510999924,4.696596677505505,40.193091360924214,88.08707591989284,49.15945467414369,0
4.522728891053807,23.763754399239968,57.0061170089365,94.02302414249576,5.630327568183735,75.5137255673619,64.59172413316013,89.38925830509577,56.48411332626164,16.628336875607943,47.98756203039088,87.1843527745232,6.420893707513409,0
32.53303307632643,72.82163486118596,9.717649377076853,57.5474177875879,11.881791626807193,62.03095513534647,57.077830466891186,78.85972112245308,6.570863942835237,73.80336164263704,62.75054632183701,2.9247283034559146,58.19714019143988,0
38.8677289689482,36.77831327192532,61.500722669916975,38.816992620652194,11.752624677710488,70.40797680992236,35.60967258978462,15.167487973275119,77.55276166950105,8.279866792512646,87.36771141863387,82.58167505647627,26.899340443509768,4
27.134903177389592,63.23058305935795,99.00538501042632,64.32882184423532,64.92103021160635,21.296416150891073,98.65152487929797,31.172206779554823,45.32888347480276,60.31521094663882,98.40834691992951,12.886986747344519,79.75591006371882,0
82.87375091519293,63.35297107608947,14.008401523652402,45.825289049151664,74.60448792654233,13.637147558676975,60.577481935688716,24.848913981446575,52.439026932758004,24.534910968132095,76.82734138645182,33.51188542591419,31.036195892357377,1
35.67533266935893,53.57746840747585,51.832965236373674,54.56167893159349,58.336876509715964,1.4544665667881929,23.72267917359945,74.3946292572677,44.07627469382282,38.929561404197656,41.77667821673337,74.35082562916078,45.52201490818012,1
28.093450968738075,9.02897700544083,87.73730719279554,94.14648087765252,96.21725484745419,35.058755880659696,10.178247262040374,3.353243473577938,40.0763060875326,28.869373677069987,42.13570022770702,16.07598960483082,1.1620539908100636,2
54.26960831582485,83.5302495589238,74.07686177542044,38.610263780077425,37.48705795237041,58.991768685463306,15.285913918433202,56.98896848713165,55.96403313082179,35.567271646494916,73.75823015888915,81.79670241190622,7.244688779455888,0
14.092422497476264,32.07800649717358,69.7015740995268,96.11905638239142,28.571208628186074,39.22440450997323,24.595772838450813,76.24586857406905,15.52402459307125,71.90459051842456,23.877714576830233,83.21341779577419,39.24935564066848,2
80.21969807540397,18.651851039985424,70.24840839871092,90.53506419560637,86.85991281894603,43.747492202372904,16.06813732595557,87.67656367617495,18.19281304952711,29.7121715623175,11.047411313139467,50.746773376083624,47.99388347171235,4
7.455064367977082,4.077514155476392,35.94911512197552,19.579113478929642,22.359583851945263,90.41586944937484,18.656702405130577,34.20817487159075,86.17856210135173,56.64046402968972,35.462215764077655,0.638587171683358,60.00205481193037,0
98.68869366005173,59.08929431882418,29.359184426449335,6.9361300875165455,96.32225394406113,34.82554670233004,28.50951686938471,82.12573046720128,94.61154621336327,47.60504021990997,28.723899165408174,28.703813317491278,29.166257870930323,0
77.22447692966574,67.75643618422824,80.93611554785136,10.077800137742665,1.2154474689816341,51.39894891598108,17.33735952947548,11.063173695520723,37.330931627975296,66.36711653626482,29.630812045599008,61.69269183757422,69.49818861265426,4
19.87156815341724,1.6587828927856152,81.01133946791808,1.8221825651549728,96.98788267076391,78.3653012741143,89.67654246264252,84.64522917345182,27.074467314355378,93.6829739324758,23.360775104990992,98.11861780274235,86.01223971892045,0
0.5522117123602399,51.2093058299281,86.70723185801037,9.44429607559284,4.315991195057611,39.65427823212701,8.023374566164222,12.748866233198243,64.39995432390158,73.25720972102503,4.209318963636188,63.18135270166684,77.98509888933498,3
81.54614284548342,22.649577519793795,91.32405525564712,68.30067734163569,89.11431136980711,62.20867002278735,52.451138957025464,39.72872905603673,40.87341710980964,21.494037859075675,1.787393473341381,25.98035810641598,3.9618825348357145,0
70.68573438476172,64.51727904094498,51.13423988609378,7.118864846022898,52.77011090862999,86.23637087467452,41.03968269896615,79.72953657795536,2.538635566034486,3.1183135061284672,98.77223897360315,63.40057030996113,48.0506947257829,0
72.90071680409874,17.436642900499145,50.15162946871996,31.89756302937613,99.29647961193004,94.9520623657642,98.23786169086064,14.991742734877377,15.615259736619036,26.22640442998251,42.77731337358623,53.99853797158555,10.493017841817487,3
77.12703466859458,69.09377381024659,79.82951789667752,84.48753109694546,7.379656473539886,14.707348092903793,11.203890216805235,22.92513952326415,71.59722288473975,59.507793070025485,38.432664715968166,77.98453951511436,24.204501586252746,0
7.4044651734090365,38.67353463005374,64.99639307777652,2.3271935735825866,55.38542844013208,92.65876251614944,39.785559904574164,72.22525683930662,65.89239419101514,5.1425813484250344,67.96472826930699,10.698063882695841,98.66625932671465,0
35.84657285442726,93.67299887367345,70.19668772577033,81.44684825889358,96.9302535619099,49.21162930795382,96.94704332753689,72.00365365460743,2.709599250348349,49.636624720123635,21.825388786506416,76.1027902502028,14.249554290151323,0
11.586905952512971,13.752094414599325,79.57926694361011,28.185477477339994,52.30978441701488,25.824438829895836,86.55071258939803,64.11476328852973,22.197216193294945,59.68428489168892,94.99611839502253,54.12665786761103,49.888815345135605,0
86.31034258755935,34.10663510502585,89.00053418175663,11.816482762165625,62.93986381352625,45.913575623826134,81.707207094928,69.39484444671,23.10747965880714,33.424389081696084,78.6345014415552,96.29920038589947,61.81557343181191,0
62.329812682755794,11.347352124058908,33.79951568515358,69.67371653641507,69.57486889846172,98.0032575285477,25.790282704493983,54.27244433475962,67.18927435987284,77.09122037458219,8.94110023122595,34.187216603868606,70.2464970544104,0
33.08980248526492,92.46936182785628,37.5582952639944,62.8942846779884,45.454106476777326,49.26180939928696,17.088758739006582,25.179905890695274,1.9710537754364155,10.65982531337718,41.75807757849284,63.26218931339481,55.96486834869141,4
6.355835028602364,87.7339353380981,9.3981939840869,87.74720135270529,62.75580800840635,32.875161028750824,66.8643219924431,34.56959935039195,10.410858198457385,7.513778173580876,87.91183075621647,93.20281055100175,0.9770847419183659,0
31.09823217156622,25.79416277151556,57.8280140996174,73.50710438038858,58.43143119231002,63.34008543167258,92.93759891275857,18.159771680142565,79.99160853731894,72.81887562036033,94.47320222914102,10.250972799067926,32.64613082439919,1
32.518332202674706,65.99840460341791,3.5942273796742086,80.34809303848486,90.11580104909889,24.014561877819308,55.67628930139298,90.84505613336283,17.85446620543336,49.549131620619846,46.74015112498697,93.72284872364511,51.771164338471145,0
72.96061783380641,81.72222002012158,46.55980181324602,28.203457257130648,4.5446380341457875,7.586332810866391,57.161268946989985,58.339179476612046,65.27461078518748,68.84023964277361,61.34113892107077,68.78857223008133,8.786649914483336,2
63.75574713552131,55.52008115994623,54.26446347075766,17.743954377972283,28.096318959223034,12.887972191064922,27.997909366028416,40.08514167636399,23.81827810467265,43.48273386037462,16.70339460920752,6.78370591051719,35.06269312091808,0
88.72127425763266,52.965057835600646,28.65412521282844,75.06147516408583,95.04114840765587,12.804583895777244,76.94929331919369,46.20058036441327,9.944139275934516,24.640203323910683,99.11686261369765,30.096356694681624,3.3203108791366565,4
47.22149251619493,24.18522909004517,59.08332605690107,80.6834739267264,89.02637838909163,15.190269351229436,18.704374855752338,94.72833396118153,24.317219099945408,81.91023176741997,23.16717013834434,70.81720886452815,7.857849715502074,0
11.959424593830171,9.310276780589922,3.050024993904943,99.05051420006733,45.56567527857129,13.882717264941014,32.367923640424365,15.33514031160802,72.22669318556592,79.94158789689793,94.27317741351257,6.73506014687717,39.69232762015961,0
71.3244787222995,89.72157579533267,3.7348188749214417,41.26176769114265,62.013259780153675,64.08747448032146,42.54364386164168,58.62298320167972,85.56964681062857,69.46964708544267,64.96466489923685,58.217046017627325,13.271575404306034,0
76.07850486168974,90.04180571633304,82.26005606596583,37.201808579278314,27.738118298113267,18.188008439914483,50.7610378684455,50.5888678884466,83.02198645669915,27.21451372299627,60.773679487885914,34.588305695295674,56.75408482615582,0
56.127719756949624,63.31014572732679,36.019064141126286,77.64129607419969,18.81211597237613,34.56672833238632,24.240973241508023,61.14542354346478,39.71835296184548,59.023066686908706,51.26885110165086,62.091551776747714,68.94649691372658,0
77.0967179954561,33.90297910487007,12.706051265188478,34.08035402530179,46.36984049399822,89.67884099060119,11.483682473920354,1.8110183820840509,66.80851365706462,36.09738969400268,23.06698117177587,4.5742033812512854,80.05866991090829,0
49.379559636439076,34.92095746126609,52.224326005480435,93.07573256035647,35.33522280260528,47.39616402628724,61.06200424416326,87.21239089441515,20.498429541582098,9.158207332663416,17.652803200550828,87.15368061523763,20.01502442448101,3
52.27328293819941,72.59556788702393,76.99935530986109,85.84127518430118,58.365611185087204,66.75577385210272,28.863055324025577,93.21182824836124,29.314773026101328,91.73135754622427,22.048620907017536,97.3488969177397,16.748258225906977,0
42.75410183585496,89.71102599525771,21.582102749684317,42.89940273750184,7.773463696498483,17.231987120162984,58.123822142261226,56.51331835892089,89.63358185211197,13.68186309189614,18.643826214425452,96.88778552856915,10.456784033440025,0
2.541912674409519,88.70864242651173,62.28904758190003,75.08710677914974,97.43948076661665,19.228901880867078,15.436271527420232,69.66508238768922,1.3001923510736035,95.02373538208025,77.95844735667534,74.96518317429248,63.64302495436367,1
10.789142699330444,77.98755458576238,8.5347464993768,75.45428740846823,98.62107444796028,4.086861626647886,48.114010185481746,92.24993811772957,8.550853085446807,44.600577295795574,35.01252591667301,13.008624013063198,70.64757264869012,2
